{"count":1,"self":9365.5752703999988,"total":46880.0861753,"children":{"InitializeActuators":{"count":54,"self":0.0010586999999999999,"total":0.0010586999999999999,"children":null},"InitializeSensors":{"count":54,"self":0.0009973,"total":0.0009973,"children":null},"AgentSendState":{"count":10385451,"self":514.49804799999993,"total":1923.7457312,"children":{"CollectObservations":{"count":112162914,"self":183.8040576,"total":183.8040558,"children":null},"WriteActionMask":{"count":112162914,"self":114.92263679999999,"total":114.92263589999999,"children":null},"RequestDecision":{"count":112162914,"self":394.4933888,"total":1110.5210146,"children":{"AgentInfo.ToProto":{"count":112162914,"self":326.1679616,"total":716.027617,"children":{"GenerateSensorData":{"count":112162914,"self":389.8596608,"total":389.8596538,"children":null}}}}}}},"DecideAction":{"count":10385451,"self":34496.8134656,"total":34496.8147591,"children":null},"AgentAct":{"count":10385451,"self":1064.8214527999999,"total":1093.9471449,"children":{"AgentInfo.ToProto":{"count":2341488,"self":12.377576,"total":29.125673199999998,"children":{"GenerateSensorData":{"count":2341488,"self":16.748097599999998,"total":16.7480974,"children":null}}}}}},"gauges":{"BallEngineAI.CumulativeReward":{"count":2341488,"max":100.099045,"min":0.2,"runningAverage":4.87174273,"value":2.59999967,"weightedAverage":2.73053837}},"metadata":{"timer_format_version":"0.1.0","start_time_seconds":"1620405434","unity_version":"2019.4.17f1","command_line_arguments":"C:\\Program Files\\Unity\\Hub\\Editor\\2019.4.17f1\\Editor\\Unity.exe -projectpath C:\/Users\/user\/Desktop\/DATA\/AI\/UNITY\/Project\/RL_Ball_Project -useHub -hubIPC -cloudEnvironment production -hubSessionId 78c38710-aed1-11eb-b471-9f7b275696d8 -accessToken iXbcJNI11JRYn5r-l6cU3ZYtnmY547QHewnKLngzHy4011f","communication_protocol_version":"1.5.0","com.unity.ml-agents_version":"1.9.0-preview","scene_name":"3.4 Dragon vs Tennis_2play","end_time_seconds":"1620452314"}}