{"cameraMode":{"drawMode":0,"name":"Shaded","section":"Shading Mode"},"sceneLighting":false,"audioPlay":false,"sceneViewState":{"showFog":true,"showMaterialUpdate":true,"showSkybox":false,"showFlares":true,"showImageEffects":true,"showParticleSystems":true},"in2DMode":false,"pivot":{"x":-9.289999961853028,"y":5.949999809265137,"z":-67.9248046875},"rotation":{"x":-0.012156452983617783,"y":-0.9830642938613892,"z":0.07090317457914353,"w":-0.16855283081531526},"size":2.789341926574707,"orthographic":true}