{"cameraMode":{"drawMode":0,"name":"Shaded","section":"Shading Mode"},"sceneLighting":true,"audioPlay":false,"sceneViewState":{"showFog":true,"showMaterialUpdate":true,"showSkybox":true,"showFlares":true,"showImageEffects":true,"showParticleSystems":true},"in2DMode":false,"pivot":{"x":-0.0048828125,"y":1.29541015625,"z":0.40771484375},"rotation":{"x":0.5400335192680359,"y":-0.3645487129688263,"z":0.27909138798713686,"w":0.7053910493850708},"size":8.268001556396485,"orthographic":true}